"0","trafico$date_time <- as.POSIXct(trafico$date_time, format = ""%Y-%m-%d %H:%M:%S"", tz = ""America/Chicago"")"
"0",""
"0","# Definir la fecha de inicio y fin en la misma zona horaria"
"0","fecha_inicio <- as.POSIXct(""2012-10-02 09:00:00"", format = ""%Y-%m-%d %H:%M:%S"", tz = ""America/Chicago"")"
"0","fecha_fin <- as.POSIXct(""2018-09-30 23:00:00"", format = ""%Y-%m-%d %H:%M:%S"", tz = ""America/Chicago"")"
"0",""
"0","# Crear una secuencia completa de horas entre la fecha de inicio y fin"
"0","horas_completas <- seq.POSIXt(from = fecha_inicio, to = fecha_fin, by = ""hour"")"
"0",""
"0","# Encontrar las horas que faltan"
"0","horas_faltantes <- setdiff(horas_completas, trafico$date_time)"
"0",""
"0","# Convertir horas_faltantes a un formato legible"
"0","horas_faltantes_legibles <- as.POSIXct(horas_faltantes, origin = ""1970-01-01"", tz = ""America/Chicago"")"
"0",""
"0","# Crear un DataFrame con las horas completas y rellenar datos con NA"
"0","trafico_completo <- data.frame(date_time = horas_completas)"
"0","trafico_completo <- merge(trafico_completo, trafico_clean, by = ""date_time"", all.x = TRUE)"
"0",""
