"0","# Analizar la incertidumbre en la imputaciÃ³n para una variable"
"0","analisis_mice <- with(imput_mice, lm(traffic_volume ~ 1))"
"0",""
"0","# Combinar los resultados y obtener intervalos de confianza"
"0","resultados_combinados_m <- pool(analisis_mice)"
"0","summary(resultados_combinados_m)"
"1"," "
"1","        term"
"1"," estimate"
"1"," std.error"
"1"," statistic"
"1","      df"
"1"," p.value"
"1","
1"
"1"," (Intercept)"
"1"," 3294.689"
"1","  11.85372"
"1","  277.9456"
"1"," 3486.01"
"1","       0"
"1","
"
